Environment,EncodeDim,WeightedError (CovReg off),WeightedError (CovReg on),Diff_WeightedError,NormCovLoss (CovReg off),NormCovLoss (CovReg on),Diff_NormCovLoss
DampingPendulum,4,0.00026149104091888626,0.00023651663853550584,2.4974402383380422e-05,0.8232586209079769,1.2646918109680872e-06,0.8232573562161659
DampingPendulum,16,0.0001617465420307905,0.00016406711496548857,-2.320572934698075e-06,0.06135685357055165,1.3359156086637805e-05,0.06134349441446501
DampingPendulum,64,0.00012235634233416493,0.00012302816348160753,-6.718211474425982e-07,0.017646128127088757,1.9627730685939953e-05,0.017626500396402817
DampingPendulum,256,0.00011935911136331857,0.0001194793354260365,-1.2022406271792942e-07,0.0024927627626831757,1.0539327247223e-05,0.0024822234354359525
DampingPendulum,1024,0.00011912537878059747,0.00011924088706222064,-1.1550828162316539e-07,0.005747740763033183,8.21289324707319e-06,0.00573952786978611
